<step title="Incoming Request" date="2025-11-21T15:00:36.696" instance="235e96" url="/api/zipdeploy?isAsync=true" method="POST" type="request" pid="768,1,24" Accept="*/*" Host="streaky-b6c2e5axf9huc8de.scm.westeurope-01.azurewebsites.net" User-Agent="AZURECLI/2.80.0 (HOMEBREW)" Accept-Encoding="gzip, deflate" Authorization="Bea..." Cache-Control="no-cache" Content-Type="application/octet-stream" Content-Length="236717" x-ms-client-request-id="d0596658-c6ea-11f0-96b4-1a5230beec7f" x-ms-artifact-checksum="0a81e96cbdb3b47bf63d150d4298b201c960983d88fc2df6b25529664374a725" X-ARR-LOG-ID="d0596658-c6ea-11f0-96b4-1a5230beec7f" CLIENT-IP="165.85.220.35:9384" X-SITE-DEPLOYMENT-ID="Streaky" WAS-DEFAULT-HOSTNAME="streaky-b6c2e5axf9huc8de.scm.westeurope-01.azurewebsites.net" X-Forwarded-Proto="https" X-AppService-Proto="https" X-Forwarded-TlsVersion="1.3" X-WAWS-Unencoded-URL="/api/zipdeploy?isAsync=true" X-Client-IP="165.85.220.35" X-Client-Port="9384" >
  <step title="Cleanup Xml Logs" date="2025-11-21T15:00:36.700" /><!-- duration: 6ms -->
  <step title="ZipPushDeploy" date="2025-11-21T15:00:36.716" >
    <step title="ZipDeploy. Extract zip. Remote build." date="2025-11-21T15:00:36.723" /><!-- duration: 2ms -->
    <step title="Starting PushDeployAsync" date="2025-11-21T15:00:36.728" /><!-- duration: 2ms -->
    <step title="Writing artifact to /tmp/zipdeploy/d607bdb2-3a95-44e6-8e1f-2fea57e78b27.zip" date="2025-11-21T15:00:36.738" >
      <step title="Writing multipart request body to /tmp/zipdeploy/d607bdb2-3a95-44e6-8e1f-2fea57e78b27.zip" date="2025-11-21T15:00:36.741" /><!-- duration: 3ms -->
    </step><!-- duration: 10ms -->
    <step title="Removing previous build artifact&apos;s manifest file" date="2025-11-21T15:00:36.758" >
      <step title="Start deployment in the background" date="2025-11-21T15:00:36.772" >
        <step title="Acquiring Deployment Lock" date="2025-11-21T15:00:36.785" /><!-- duration: 3ms -->
        <step title="Acquired Deployment Lock" date="2025-11-21T15:00:36.817" /><!-- duration: 3ms -->
      </step><!-- duration: 149ms -->
    </step><!-- duration: 166ms -->
    <step title="Outgoing response" date="2025-11-21T15:00:36.927" type="response" statusCode="202" statusText="Accepted" /><!-- duration: 2ms -->
  </step><!-- duration: 215ms -->
