<step title="Incoming Request" date="2025-11-21T14:16:44.078" instance="235e96" url="/api/zipdeploy?isAsync=true" method="POST" type="request" pid="768,1,15" Accept="*/*" Host="streaky-b6c2e5axf9huc8de.scm.westeurope-01.azurewebsites.net" User-Agent="AZURECLI/2.80.0 (HOMEBREW)" Accept-Encoding="gzip, deflate" Authorization="Bea..." Cache-Control="no-cache" Content-Type="application/octet-stream" Content-Length="234392" x-ms-client-request-id="b1b4d45e-c6e4-11f0-aa2a-1a5230beec7f" x-ms-artifact-checksum="fcf3e8a5b7cba91c6a9a9d0d401ae8777ca00d2c0682ae41896c2efd43fb1038" X-ARR-LOG-ID="b1b4d45e-c6e4-11f0-aa2a-1a5230beec7f" CLIENT-IP="165.85.220.35:16470" X-SITE-DEPLOYMENT-ID="Streaky" WAS-DEFAULT-HOSTNAME="streaky-b6c2e5axf9huc8de.scm.westeurope-01.azurewebsites.net" X-Forwarded-Proto="https" X-AppService-Proto="https" X-Forwarded-TlsVersion="1.3" X-WAWS-Unencoded-URL="/api/zipdeploy?isAsync=true" X-Client-IP="165.85.220.35" X-Client-Port="16470" >
  <step title="ZipPushDeploy" date="2025-11-21T14:16:44.274" >
    <step title="ZipDeploy. Extract zip. Remote build." date="2025-11-21T14:16:44.279" /><!-- duration: 3ms -->
    <step title="None repository commit" date="2025-11-21T14:16:44.286" >
      <step title="Commit id: 10d5fe9e-598d-4342-a1e1-b789c9a9eedc" date="2025-11-21T14:16:44.289" Message="N/A" AuthorName="N/A" AuthorEmail="N/A" /><!-- duration: 2ms -->
    </step><!-- duration: 9ms -->
    <step title="Starting PushDeployAsync" date="2025-11-21T14:16:44.298" /><!-- duration: 3ms -->
    <step title="Writing artifact to /tmp/zipdeploy/66a69d03-7c0c-4ea1-ba7b-a3c0646f2f08.zip" date="2025-11-21T14:16:44.311" >
      <step title="Writing multipart request body to /tmp/zipdeploy/66a69d03-7c0c-4ea1-ba7b-a3c0646f2f08.zip" date="2025-11-21T14:16:44.313" /><!-- duration: 8ms -->
    </step><!-- duration: 47ms -->
    <step title="Start deployment in the background" date="2025-11-21T14:16:44.368" >
      <step title="Acquiring Deployment Lock" date="2025-11-21T14:16:44.382" /><!-- duration: 3ms -->
      <step title="Acquired Deployment Lock" date="2025-11-21T14:16:44.459" /><!-- duration: 3ms -->
    </step><!-- duration: 206ms -->
  </step><!-- duration: 307ms -->
  <step title="Outgoing response" date="2025-11-21T14:16:44.589" type="response" statusCode="202" statusText="Accepted" /><!-- duration: 3ms -->
</step><!-- duration: 517ms -->
