<step title="Incoming Request" date="2025-11-21T15:45:22.454" instance="235e96" url="/api/publish?type=zip&amp;async=True" method="POST" type="request" pid="767,1,22" Accept="*/*" Host="streaky-b6c2e5axf9huc8de.scm.westeurope-01.azurewebsites.net" User-Agent="AZURECLI/2.80.0 (HOMEBREW)" Accept-Encoding="gzip, deflate" Authorization="Bea..." Cache-Control="no-cache" Content-Type="application/octet-stream" Cookie="ARRAffinity=235e9667d16e3f79ffb6f75f6f752570fad504030edc4b0d47c90148300213d9; ARRAffinitySameSite=235e9667d16e3f79ffb6f75f6f752570fad504030edc4b0d47c90148300213d9" Content-Length="929334" x-ms-client-request-id="0ffde788-c6f1-11f0-b2d6-1a5230beec7f" x-ms-artifact-checksum="2500d6e8bc7ecd77f4db176d8bead43fea870b2e9abfae667de723f8b70ae1cf" X-ARR-LOG-ID="0ffde788-c6f1-11f0-b2d6-1a5230beec7f" CLIENT-IP="165.85.220.35:40366" X-SITE-DEPLOYMENT-ID="Streaky" WAS-DEFAULT-HOSTNAME="streaky-b6c2e5axf9huc8de.scm.westeurope-01.azurewebsites.net" X-Forwarded-Proto="https" X-AppService-Proto="https" X-Forwarded-TlsVersion="1.3" X-WAWS-Unencoded-URL="/api/publish?type=zip&amp;async=True" X-Client-IP="165.85.220.35" X-Client-Port="40366" >
  <step title="OneDeploy" date="2025-11-21T15:45:22.462" >
    <step title="Starting PushDeployAsync" date="2025-11-21T15:45:22.467" /><!-- duration: 9ms -->
    <step title="Writing artifact to /tmp/zipdeploy/80a74337-9e25-469b-9938-825586287492.zip" date="2025-11-21T15:45:22.484" >
      <step title="Writing multipart request body to /tmp/zipdeploy/80a74337-9e25-469b-9938-825586287492.zip" date="2025-11-21T15:45:22.486" /><!-- duration: 2ms -->
    </step><!-- duration: 15ms -->
    <step title="Removing previous build artifact&apos;s manifest file" date="2025-11-21T15:45:22.502" >
      <step title="Start deployment in the background" date="2025-11-21T15:45:22.510" >
        <step title="Acquiring Deployment Lock" date="2025-11-21T15:45:22.532" /><!-- duration: 2ms -->
        <step title="Acquired Deployment Lock" date="2025-11-21T15:45:22.559" /><!-- duration: 4ms -->
      </step><!-- duration: 210ms -->
    </step><!-- duration: 221ms -->
    <step title="Outgoing response" date="2025-11-21T15:45:22.726" type="response" statusCode="202" statusText="Accepted" /><!-- duration: 2ms -->
  </step><!-- duration: 269ms -->
