<step title="BackgroundTrace" date="2025-11-21T15:38:22.907" instance="235e96" url="/api/zipdeploy" method="POST" >
  <step title="Creating temporary deployment - FetchDeploymentManager" date="2025-11-21T15:38:22.971" /><!-- duration: 2ms -->
  <step title="Creating temporary deployment" date="2025-11-21T15:38:22.976" /><!-- duration: 56ms -->
  <step title="Performing fetch based deployment" date="2025-11-21T15:38:23.065" >
    <step title="Cleaning up temp folders from previous zip deployments and extracting pushed zip file /tmp/zipdeploy/99a86633-7a7b-4c0a-9f73-5db9609ea847.zip (0.67 MB) to /tmp/zipdeploy/extracted" date="2025-11-21T15:38:24.223" >
      <step title="ChmodRecursive Process exited with total time taken in ms: 19" date="2025-11-21T15:38:24.278" /><!-- duration: 5ms -->
    </step><!-- duration: 63ms -->
    <step title="Deployment timer started" date="2025-11-21T15:38:26.292" >
      <step title="DeploymentManager.Deploy(id:ee489fe8-209f-4431-a8af-4694fd5bd23c)" date="2025-11-21T15:38:26.298" >
        <step title="Collecting changeset information" date="2025-11-21T15:38:26.307" /><!-- duration: 172ms -->
        <step title="Updating submodules" date="2025-11-21T15:38:26.483" /><!-- duration: 1161ms -->
        <step title="Determining deployment builder" date="2025-11-21T15:38:28.168" >
          <step title="Builder is OryxBuilder" date="2025-11-21T15:38:28.179" /><!-- duration: 3ms -->
        </step><!-- duration: 17ms -->
        <step title="PreDeployment: context.CleanOutputPath False" date="2025-11-21T15:38:28.250" >
          <step title="PreDeployment: context.OutputPath /home/site/wwwroot" date="2025-11-21T15:38:28.419" >
            <step title="Building" date="2025-11-21T15:38:28.698" >
              <step title="Executing external process" date="2025-11-21T15:38:29.037" type="process" path="bash" arguments="-c &quot;oryx build /tmp/zipdeploy/extracted -o /home/site/wwwroot --platform python --platform-version 3.11 -p virtualenv_name=antenv --log-file /tmp/build-debug.log  -i /tmp/8de29140453e3b1 --compress-destination-dir | tee /tmp/oryx-build.log ; exit $PIPESTATUS &quot;" /><!-- duration: 25366ms -->
              <step title="Using PythonDeploymentLogParser" date="2025-11-21T15:38:54.824" /><!-- duration: 3ms -->
              <step title="Triggering recycle (preview mode disabled)." date="2025-11-21T15:38:56.384" /><!-- duration: 4ms -->
              <step title="Modified file to trigger a restart of the app container." date="2025-11-21T15:38:56.409" /><!-- duration: 2ms -->
              <step title="Skip function trigger and logicapp sync because function is not enabled." date="2025-11-21T15:38:56.414" /><!-- duration: 3ms -->
            </step><!-- duration: 28825ms -->
          </step><!-- duration: 29109ms -->
          <step title="Cleaning up temp files" date="2025-11-21T15:38:57.532" /><!-- duration: 1697ms -->
          <step title="Cleaning up temp files" date="2025-11-21T15:38:59.234" /><!-- duration: 503ms -->
          <step title="Reloading status file with latest updates" date="2025-11-21T15:38:59.799" >
            <step title="WebHooksManager.PublishEventAsync: PostDeployment" date="2025-11-21T15:38:59.801" /><!-- duration: 29ms -->
          </step><!-- duration: 34ms -->
          <step title="Cleaning up temporary deployment - fetch deployment was successful" date="2025-11-21T15:38:59.836" /><!-- duration: 2ms -->
        </step><!-- duration: 31649ms -->
      </step><!-- duration: 33616ms -->
