<step title="Incoming Request" date="2025-11-21T14:40:13.449" instance="235e96" url="/api/zipdeploy?isAsync=true" method="POST" type="request" pid="768,1,39" Accept="*/*" Host="streaky-b6c2e5axf9huc8de.scm.westeurope-01.azurewebsites.net" User-Agent="AZURECLI/2.80.0 (HOMEBREW)" Accept-Encoding="gzip, deflate" Authorization="Bea..." Cache-Control="no-cache" Content-Type="application/octet-stream" Content-Length="234392" x-ms-client-request-id="f7f578bc-c6e7-11f0-95a9-1a5230beec7f" x-ms-artifact-checksum="fcf3e8a5b7cba91c6a9a9d0d401ae8777ca00d2c0682ae41896c2efd43fb1038" X-ARR-LOG-ID="f7f578bc-c6e7-11f0-95a9-1a5230beec7f" CLIENT-IP="165.85.220.35:12295" X-SITE-DEPLOYMENT-ID="Streaky" WAS-DEFAULT-HOSTNAME="streaky-b6c2e5axf9huc8de.scm.westeurope-01.azurewebsites.net" X-Forwarded-Proto="https" X-AppService-Proto="https" X-Forwarded-TlsVersion="1.3" X-WAWS-Unencoded-URL="/api/zipdeploy?isAsync=true" X-Client-IP="165.85.220.35" X-Client-Port="12295" >
  <step title="Cleanup Xml Logs" date="2025-11-21T14:40:13.451" /><!-- duration: 3ms -->
  <step title="ZipPushDeploy" date="2025-11-21T14:40:13.461" >
    <step title="ZipDeploy. Extract zip. Remote build." date="2025-11-21T14:40:13.466" /><!-- duration: 2ms -->
    <step title="Starting PushDeployAsync" date="2025-11-21T14:40:13.471" /><!-- duration: 3ms -->
    <step title="Writing artifact to /tmp/zipdeploy/629cb37e-d6a1-477e-a15b-bdfad0045ef8.zip" date="2025-11-21T14:40:13.478" >
      <step title="Writing multipart request body to /tmp/zipdeploy/629cb37e-d6a1-477e-a15b-bdfad0045ef8.zip" date="2025-11-21T14:40:13.481" /><!-- duration: 5ms -->
    </step><!-- duration: 14ms -->
    <step title="Removing previous build artifact&apos;s manifest file" date="2025-11-21T14:40:13.496" >
      <step title="Start deployment in the background" date="2025-11-21T14:40:13.502" >
        <step title="Acquiring Deployment Lock" date="2025-11-21T14:40:13.512" /><!-- duration: 2ms -->
        <step title="Acquired Deployment Lock" date="2025-11-21T14:40:13.666" /><!-- duration: 3ms -->
      </step><!-- duration: 270ms -->
    </step><!-- duration: 278ms -->
    <step title="Outgoing response" date="2025-11-21T14:40:13.777" type="response" statusCode="202" statusText="Accepted" /><!-- duration: 3ms -->
  </step><!-- duration: 320ms -->
