﻿<?xml version="1.0" encoding="utf-8"?>
<deployment>
  <id>10d5fe9e-598d-4342-a1e1-b789c9a9eedc</id>
  <author>N/A</author>
  <deployer>Push-Deployer</deployer>
  <authorEmail>N/A</authorEmail>
  <message>Created via a push deployment</message>
  <progress></progress>
  <status>Success</status>
  <statusText></statusText>
  <lastSuccessEndTime>2025-11-21T14:17:40.7011724Z</lastSuccessEndTime>
  <receivedTime>2025-11-21T14:16:47.982309Z</receivedTime>
  <startTime>2025-11-21T14:16:49.3852024Z</startTime>
  <endTime>2025-11-21T14:17:40.7011724Z</endTime>
  <complete>True</complete>
  <is_temp>False</is_temp>
  <is_readonly>True</is_readonly>
  <buildSummary />
</deployment>