<step title="Incoming Request" date="2025-11-30T08:56:50.394" instance="de5010" url="/api/publish?type=zip" method="POST" type="request" pid="768,1,5" Accept="*/*" Host="streaky-api.scm.azurewebsites.net" User-Agent="AZURECLI/2.80.0 (HOMEBREW)" Accept-Encoding="gzip, deflate" Authorization="Bea..." Cache-Control="no-cache" Content-Type="application/octet-stream" Cookie="ARRAffinity=de501085429bb3cf45777a9c433bb59ec30c8690f41aa38f8f147b99951954ca; ARRAffinitySameSite=de501085429bb3cf45777a9c433bb59ec30c8690f41aa38f8f147b99951954ca" Content-Length="19690" x-ms-client-request-id="71cec948-cdca-11f0-986c-d289e13b8b49" x-ms-artifact-checksum="7dcda879d02f05cd2a62b4a323a80927e2046419e0cc3549401af9c55da93d85" X-ARR-LOG-ID="71cec948-cdca-11f0-986c-d289e13b8b49" CLIENT-IP="83.61.32.196:65307" X-SITE-DEPLOYMENT-ID="streaky-api" WAS-DEFAULT-HOSTNAME="streaky-api.scm.azurewebsites.net" X-Forwarded-Proto="https" X-AppService-Proto="https" X-Forwarded-TlsVersion="1.3" X-WAWS-Unencoded-URL="/api/publish?type=zip" X-Client-IP="83.61.32.196" X-Client-Port="65307" >
  <step title="Cleanup Xml Logs" date="2025-11-30T08:56:50.397" /><!-- duration: 7ms -->
  <step title="OneDeploy" date="2025-11-30T08:56:50.453" >
    <step title="None repository commit" date="2025-11-30T08:56:50.461" >
      <step title="Commit id: c3218684-1c03-433a-9214-4c5cbde0e756" date="2025-11-30T08:56:50.463" Message="N/A" AuthorName="N/A" AuthorEmail="N/A" /><!-- duration: 3ms -->
    </step><!-- duration: 8ms -->
    <step title="Starting PushDeployAsync" date="2025-11-30T08:56:50.473" /><!-- duration: 3ms -->
    <step title="Writing artifact to /tmp/zipdeploy/981a8169-453c-4891-8896-b4d95b7dfd61.zip" date="2025-11-30T08:56:50.487" >
      <step title="Writing multipart request body to /tmp/zipdeploy/981a8169-453c-4891-8896-b4d95b7dfd61.zip" date="2025-11-30T08:56:50.491" /><!-- duration: 4ms -->
    </step><!-- duration: 24ms -->
    <step title="Attempting to fetch target branch HEAD" date="2025-11-30T08:56:50.522" /><!-- duration: 3ms -->
    <step title="Acquiring Deployment Lock" date="2025-11-30T08:56:50.529" /><!-- duration: 2ms -->
    <step title="Acquired Deployment Lock" date="2025-11-30T08:56:50.569" /><!-- duration: 4ms -->
    <step title="Performing fetch based deployment" date="2025-11-30T08:56:50.579" >
      <step title="Creating temporary deployment" date="2025-11-30T08:56:50.617" /><!-- duration: 60ms -->
      <step title="Releasing Deployment Lock" date="2025-11-30T08:56:51.826" /><!-- duration: 8ms -->
      <step title="Cleaning up temp folders from previous zip deployments and extracting pushed zip file /tmp/zipdeploy/981a8169-453c-4891-8896-b4d95b7dfd61.zip (0.02 MB) to /tmp/zipdeploy/extracted" date="2025-11-30T08:56:51.855" >
        <step title="ChmodRecursive Process exited with total time taken in ms: 34" date="2025-11-30T08:56:51.903" /><!-- duration: 2ms -->
      </step><!-- duration: 55ms -->
      <step title="None repository commit" date="2025-11-30T08:56:51.912" >
        <step title="Commit id: c3218684-1c03-433a-9214-4c5cbde0e756" date="2025-11-30T08:56:51.914" Message="OneDeploy" AuthorName="N/A" AuthorEmail="N/A" /><!-- duration: 2ms -->
      </step><!-- duration: 6ms -->
      <step title="Deployment timer started" date="2025-11-30T08:56:53.922" >
        <step title="DeploymentManager.Deploy(id:c3218684-1c03-433a-9214-4c5cbde0e756)" date="2025-11-30T08:56:53.927" >
          <step title="Collecting changeset information" date="2025-11-30T08:56:53.942" /><!-- duration: 72ms -->
          <step title="Updating submodules" date="2025-11-30T08:56:54.019" /><!-- duration: 1098ms -->
          <step title="Determining deployment builder" date="2025-11-30T08:56:55.288" >
            <step title="Builder is OryxBuilder" date="2025-11-30T08:56:55.295" /><!-- duration: 4ms -->
          </step><!-- duration: 13ms -->
          <step title="PreDeployment: context.CleanOutputPath False" date="2025-11-30T08:56:55.340" >
            <step title="PreDeployment: context.OutputPath /home/site/wwwroot" date="2025-11-30T08:56:55.454" >
              <step title="Building" date="2025-11-30T08:56:55.580" >
                <step title="Executing external process" date="2025-11-30T08:56:55.832" type="process" path="bash" arguments="-c &quot;oryx build /tmp/zipdeploy/extracted -o /home/site/wwwroot --platform python --platform-version 3.11 -p virtualenv_name=antenv --log-file /tmp/build-debug.log  -i /tmp/8de2fee699144bd --compress-destination-dir | tee /tmp/oryx-build.log ; exit $PIPESTATUS &quot;" /><!-- duration: 162651ms -->
                <step title="Using PythonDeploymentLogParser" date="2025-11-30T08:59:39.110" /><!-- duration: 4ms -->
                <step title="Modified file to trigger a restart of the app container." date="2025-11-30T08:59:40.255" /><!-- duration: 3ms -->
                <step title="Skip function trigger and logicapp sync because function is not enabled." date="2025-11-30T08:59:40.273" /><!-- duration: 3ms -->
              </step><!-- duration: 165415ms -->
            </step><!-- duration: 165545ms -->
            <step title="Cleaning up temp files" date="2025-11-30T08:59:41.002" /><!-- duration: 2986ms -->
            <step title="Cleaning up temp files" date="2025-11-30T08:59:43.996" /><!-- duration: 508ms -->
            <step title="Reloading status file with latest updates" date="2025-11-30T08:59:44.530" >
              <step title="WebHooksManager.PublishEventAsync: PostDeployment" date="2025-11-30T08:59:44.534" /><!-- duration: 61ms -->
            </step><!-- duration: 68ms -->
            <step title="Cleaning up temporary deployment - fetch deployment was successful" date="2025-11-30T08:59:44.606" /><!-- duration: 35ms -->
          </step><!-- duration: 169352ms -->
        </step><!-- duration: 170787ms -->
        <step title="Outgoing response" date="2025-11-30T08:59:44.738" type="response" statusCode="200" statusText="OK" /><!-- duration: 3ms -->
      </step><!-- duration: 170822ms -->
