<step title="Incoming Request" date="2025-11-30T18:18:41.512" instance="127077" url="/api/publish?type=zip" method="POST" type="request" pid="768,1,14" Accept="*/*" Host="streaky-api.scm.azurewebsites.net" User-Agent="AZURECLI/2.80.0 (HOMEBREW)" Accept-Encoding="gzip, deflate" Authorization="Bea..." Cache-Control="no-cache" Content-Type="application/octet-stream" Content-Length="19619" x-ms-client-request-id="e536ddb4-ce18-11f0-b9c1-d289e13b8b49" x-ms-artifact-checksum="9541622f01f181279685e5d2ef1b113c7b5ad63b3a404b82d679f6199c67919a" X-ARR-LOG-ID="e536ddb4-ce18-11f0-b9c1-d289e13b8b49" CLIENT-IP="83.61.32.196:50601" X-SITE-DEPLOYMENT-ID="streaky-api" WAS-DEFAULT-HOSTNAME="streaky-api.scm.azurewebsites.net" X-Forwarded-Proto="https" X-AppService-Proto="https" X-Forwarded-TlsVersion="1.3" X-WAWS-Unencoded-URL="/api/publish?type=zip" X-Client-IP="83.61.32.196" X-Client-Port="50601" >
  <step title="OneDeploy" date="2025-11-30T18:18:41.901" >
    <step title="None repository commit" date="2025-11-30T18:18:41.912" >
      <step title="Commit id: 5d675415-8188-49e6-8160-85b19c3bc800" date="2025-11-30T18:18:41.915" Message="N/A" AuthorName="N/A" AuthorEmail="N/A" /><!-- duration: 3ms -->
    </step><!-- duration: 15ms -->
    <step title="Starting PushDeployAsync" date="2025-11-30T18:18:41.929" /><!-- duration: 3ms -->
    <step title="Writing artifact to /tmp/zipdeploy/0b1ca469-e216-47cc-955c-4b1bd538060f.zip" date="2025-11-30T18:18:41.941" >
      <step title="Writing multipart request body to /tmp/zipdeploy/0b1ca469-e216-47cc-955c-4b1bd538060f.zip" date="2025-11-30T18:18:41.945" /><!-- duration: 2ms -->
    </step><!-- duration: 111ms -->
    <step title="Removing previous build artifact&apos;s manifest file" date="2025-11-30T18:18:42.059" >
      <step title="Attempting to fetch target branch HEAD" date="2025-11-30T18:18:42.073" /><!-- duration: 5ms -->
      <step title="Acquiring Deployment Lock" date="2025-11-30T18:18:42.085" /><!-- duration: 3ms -->
      <step title="Acquired Deployment Lock" date="2025-11-30T18:18:42.135" /><!-- duration: 3ms -->
      <step title="Performing fetch based deployment" date="2025-11-30T18:18:42.150" >
        <step title="Creating temporary deployment" date="2025-11-30T18:18:42.154" /><!-- duration: 126ms -->
        <step title="Releasing Deployment Lock" date="2025-11-30T18:18:43.487" /><!-- duration: 9ms -->
        <step title="Cleaning up temp folders from previous zip deployments and extracting pushed zip file /tmp/zipdeploy/0b1ca469-e216-47cc-955c-4b1bd538060f.zip (0.02 MB) to /tmp/zipdeploy/extracted" date="2025-11-30T18:18:43.551" >
          <step title="ChmodRecursive Process exited with total time taken in ms: 121" date="2025-11-30T18:18:43.711" /><!-- duration: 34ms -->
        </step><!-- duration: 200ms -->
        <step title="None repository commit" date="2025-11-30T18:18:43.765" >
          <step title="Commit id: 5d675415-8188-49e6-8160-85b19c3bc800" date="2025-11-30T18:18:43.770" Message="OneDeploy" AuthorName="N/A" AuthorEmail="N/A" /><!-- duration: 3ms -->
        </step><!-- duration: 19ms -->
        <step title="Deployment timer started" date="2025-11-30T18:18:45.792" >
          <step title="DeploymentManager.Deploy(id:5d675415-8188-49e6-8160-85b19c3bc800)" date="2025-11-30T18:18:45.813" >
            <step title="Collecting changeset information" date="2025-11-30T18:18:45.842" /><!-- duration: 80ms -->
            <step title="Updating submodules" date="2025-11-30T18:18:45.929" /><!-- duration: 1200ms -->
            <step title="Determining deployment builder" date="2025-11-30T18:18:47.360" >
              <step title="Builder is OryxBuilder" date="2025-11-30T18:18:47.369" /><!-- duration: 3ms -->
            </step><!-- duration: 17ms -->
            <step title="PreDeployment: context.CleanOutputPath False" date="2025-11-30T18:18:47.433" >
              <step title="PreDeployment: context.OutputPath /home/site/wwwroot" date="2025-11-30T18:18:47.569" >
                <step title="Building" date="2025-11-30T18:18:47.853" >
                  <step title="Executing external process" date="2025-11-30T18:18:49.118" type="process" path="bash" arguments="-c &quot;oryx build /tmp/zipdeploy/extracted -o /home/site/wwwroot --platform python --platform-version 3.11 -p virtualenv_name=antenv --log-file /tmp/build-debug.log  -i /tmp/8de303ce7883f95 --compress-destination-dir | tee /tmp/oryx-build.log ; exit $PIPESTATUS &quot;" /><!-- duration: 95783ms -->
                  <step title="Using PythonDeploymentLogParser" date="2025-11-30T18:20:25.281" /><!-- duration: 2ms -->
                  <step title="Modified file to trigger a restart of the app container." date="2025-11-30T18:20:26.438" /><!-- duration: 2ms -->
                  <step title="Skip function trigger and logicapp sync because function is not enabled." date="2025-11-30T18:20:26.448" /><!-- duration: 2ms -->
                </step><!-- duration: 99253ms -->
              </step><!-- duration: 99540ms -->
              <step title="Cleaning up temp files" date="2025-11-30T18:20:27.112" /><!-- duration: 2147ms -->
              <step title="Cleaning up temp files" date="2025-11-30T18:20:29.264" /><!-- duration: 504ms -->
              <step title="Reloading status file with latest updates" date="2025-11-30T18:20:29.808" >
                <step title="WebHooksManager.PublishEventAsync: PostDeployment" date="2025-11-30T18:20:29.815" /><!-- duration: 68ms -->
              </step><!-- duration: 78ms -->
              <step title="Cleaning up temporary deployment - fetch deployment was successful" date="2025-11-30T18:20:29.891" /><!-- duration: 2ms -->
            </step><!-- duration: 102513ms -->
          </step><!-- duration: 104154ms -->
          <step title="Outgoing response" date="2025-11-30T18:20:29.991" type="response" statusCode="200" statusText="OK" /><!-- duration: 3ms -->
        </step><!-- duration: 104204ms -->
