<step title="Incoming Request" date="2025-11-30T19:54:44.552" instance="954121" url="/api/publish?type=zip" method="POST" type="request" pid="768,1,7" Accept="*/*" Host="streaky-api.scm.azurewebsites.net" User-Agent="AZURECLI/2.80.0 (HOMEBREW)" Accept-Encoding="gzip, deflate" Authorization="Bea..." Cache-Control="no-cache" Content-Type="application/octet-stream" Cookie="ARRAffinity=9541219b10f4c5e79f610beec636c88402895db7f2804ca8bd6f4c343751bf9c; ARRAffinitySameSite=9541219b10f4c5e79f610beec636c88402895db7f2804ca8bd6f4c343751bf9c" Content-Length="19715" x-ms-client-request-id="5ae15c12-ce26-11f0-85a5-d289e13b8b49" x-ms-artifact-checksum="acb2c56091047ad54726e943ca43ace0857fce543f758ccd1924290d38390e4e" X-ARR-LOG-ID="5ae15c12-ce26-11f0-85a5-d289e13b8b49" CLIENT-IP="83.61.32.196:54661" X-SITE-DEPLOYMENT-ID="streaky-api" WAS-DEFAULT-HOSTNAME="streaky-api.scm.azurewebsites.net" X-Forwarded-Proto="https" X-AppService-Proto="https" X-Forwarded-TlsVersion="1.3" X-WAWS-Unencoded-URL="/api/publish?type=zip" X-Client-IP="83.61.32.196" X-Client-Port="54661" >
  <step title="Cleanup Xml Logs" date="2025-11-30T19:54:44.555" /><!-- duration: 5ms -->
  <step title="OneDeploy" date="2025-11-30T19:54:44.609" >
    <step title="None repository commit" date="2025-11-30T19:54:44.620" >
      <step title="Commit id: 0248d69c-e041-4d0c-be2a-27456d1bfbf2" date="2025-11-30T19:54:44.623" Message="N/A" AuthorName="N/A" AuthorEmail="N/A" /><!-- duration: 3ms -->
    </step><!-- duration: 13ms -->
    <step title="Starting PushDeployAsync" date="2025-11-30T19:54:44.636" /><!-- duration: 3ms -->
    <step title="Writing artifact to /tmp/zipdeploy/2b53182d-9637-48bd-a060-7c1398093978.zip" date="2025-11-30T19:54:44.658" >
      <step title="Writing multipart request body to /tmp/zipdeploy/2b53182d-9637-48bd-a060-7c1398093978.zip" date="2025-11-30T19:54:44.669" /><!-- duration: 4ms -->
    </step><!-- duration: 39ms -->
    <step title="Removing previous build artifact&apos;s manifest file" date="2025-11-30T19:54:44.709" >
      <step title="Attempting to fetch target branch HEAD" date="2025-11-30T19:54:44.720" /><!-- duration: 6ms -->
      <step title="Acquiring Deployment Lock" date="2025-11-30T19:54:44.736" /><!-- duration: 2ms -->
      <step title="Acquired Deployment Lock" date="2025-11-30T19:54:44.768" /><!-- duration: 7ms -->
      <step title="Performing fetch based deployment" date="2025-11-30T19:54:44.783" >
        <step title="Creating temporary deployment" date="2025-11-30T19:54:44.791" /><!-- duration: 85ms -->
        <step title="Releasing Deployment Lock" date="2025-11-30T19:54:46.033" /><!-- duration: 6ms -->
        <step title="Cleaning up temp folders from previous zip deployments and extracting pushed zip file /tmp/zipdeploy/2b53182d-9637-48bd-a060-7c1398093978.zip (0.02 MB) to /tmp/zipdeploy/extracted" date="2025-11-30T19:54:46.065" >
          <step title="ChmodRecursive Process exited with total time taken in ms: 35" date="2025-11-30T19:54:46.116" /><!-- duration: 6ms -->
        </step><!-- duration: 60ms -->
        <step title="None repository commit" date="2025-11-30T19:54:46.128" >
          <step title="Commit id: 0248d69c-e041-4d0c-be2a-27456d1bfbf2" date="2025-11-30T19:54:46.132" Message="OneDeploy" AuthorName="N/A" AuthorEmail="N/A" /><!-- duration: 3ms -->
        </step><!-- duration: 9ms -->
        <step title="Deployment timer started" date="2025-11-30T19:54:48.141" >
          <step title="DeploymentManager.Deploy(id:0248d69c-e041-4d0c-be2a-27456d1bfbf2)" date="2025-11-30T19:54:48.146" >
            <step title="Collecting changeset information" date="2025-11-30T19:54:48.162" /><!-- duration: 75ms -->
            <step title="Updating submodules" date="2025-11-30T19:54:48.241" /><!-- duration: 1151ms -->
            <step title="Determining deployment builder" date="2025-11-30T19:54:49.593" >
              <step title="Builder is OryxBuilder" date="2025-11-30T19:54:49.603" /><!-- duration: 3ms -->
            </step><!-- duration: 14ms -->
            <step title="PreDeployment: context.CleanOutputPath False" date="2025-11-30T19:54:49.655" >
              <step title="PreDeployment: context.OutputPath /home/site/wwwroot" date="2025-11-30T19:54:49.763" >
                <step title="Building" date="2025-11-30T19:54:49.885" >
                  <step title="Executing external process" date="2025-11-30T19:54:50.158" type="process" path="bash" arguments="-c &quot;oryx build /tmp/zipdeploy/extracted -o /home/site/wwwroot --platform python --platform-version 3.11 -p virtualenv_name=antenv --log-file /tmp/build-debug.log  -i /tmp/8de304a5216c8f9 --compress-destination-dir | tee /tmp/oryx-build.log ; exit $PIPESTATUS &quot;" /><!-- duration: 68046ms -->
                  <step title="Using PythonDeploymentLogParser" date="2025-11-30T19:55:58.665" /><!-- duration: 2ms -->
                  <step title="Modified file to trigger a restart of the app container." date="2025-11-30T19:55:59.795" /><!-- duration: 3ms -->
                  <step title="Skip function trigger and logicapp sync because function is not enabled." date="2025-11-30T19:55:59.806" /><!-- duration: 2ms -->
                </step><!-- duration: 70667ms -->
              </step><!-- duration: 70795ms -->
              <step title="Cleaning up temp files" date="2025-11-30T19:56:00.561" /><!-- duration: 2425ms -->
              <step title="Cleaning up temp files" date="2025-11-30T19:56:02.995" /><!-- duration: 507ms -->
              <step title="Reloading status file with latest updates" date="2025-11-30T19:56:03.529" >
                <step title="WebHooksManager.PublishEventAsync: PostDeployment" date="2025-11-30T19:56:03.533" /><!-- duration: 48ms -->
              </step><!-- duration: 55ms -->
              <step title="Cleaning up temporary deployment - fetch deployment was successful" date="2025-11-30T19:56:03.591" /><!-- duration: 3ms -->
            </step><!-- duration: 73992ms -->
          </step><!-- duration: 75525ms -->
          <step title="Outgoing response" date="2025-11-30T19:56:03.709" type="response" statusCode="200" statusText="OK" /><!-- duration: 9ms -->
        </step><!-- duration: 75580ms -->
