﻿<?xml version="1.0" encoding="utf-8"?>
<deployment>
  <id>ee489fe8-209f-4431-a8af-4694fd5bd23c</id>
  <author>N/A</author>
  <deployer>Push-Deployer</deployer>
  <authorEmail>N/A</authorEmail>
  <message>Created via a push deployment</message>
  <progress></progress>
  <status>Success</status>
  <statusText></statusText>
  <lastSuccessEndTime>2025-11-21T15:38:56.8751513Z</lastSuccessEndTime>
  <receivedTime>2025-11-21T15:38:26.33437Z</receivedTime>
  <startTime>2025-11-21T15:38:28.0850622Z</startTime>
  <endTime>2025-11-21T15:38:56.8751513Z</endTime>
  <complete>True</complete>
  <is_temp>False</is_temp>
  <is_readonly>True</is_readonly>
  <buildSummary />
</deployment>