﻿<?xml version="1.0" encoding="utf-8"?>
<deployment>
  <id>0248d69c-e041-4d0c-be2a-27456d1bfbf2</id>
  <author>N/A</author>
  <deployer>OneDeploy</deployer>
  <authorEmail>N/A</authorEmail>
  <message>OneDeploy</message>
  <progress></progress>
  <status>Success</status>
  <statusText></statusText>
  <lastSuccessEndTime>2025-11-30T19:56:00.1657001Z</lastSuccessEndTime>
  <receivedTime>2025-11-30T19:54:48.182907Z</receivedTime>
  <startTime>2025-11-30T19:54:49.5184574Z</startTime>
  <endTime>2025-11-30T19:56:00.1657001Z</endTime>
  <complete>True</complete>
  <is_temp>False</is_temp>
  <is_readonly>True</is_readonly>
  <buildSummary />
</deployment>