﻿<?xml version="1.0" encoding="utf-8"?>
<deployment>
  <id>54693cc1-9783-44eb-ab84-f4d69ed9150f</id>
  <author>N/A</author>
  <deployer>Push-Deployer</deployer>
  <authorEmail>N/A</authorEmail>
  <message>Created via a push deployment</message>
  <progress></progress>
  <status>Success</status>
  <statusText></statusText>
  <lastSuccessEndTime>2025-11-21T14:40:46.6807793Z</lastSuccessEndTime>
  <receivedTime>2025-11-21T14:40:17.3831973Z</receivedTime>
  <startTime>2025-11-21T14:40:18.8282095Z</startTime>
  <endTime>2025-11-21T14:40:46.6807793Z</endTime>
  <complete>True</complete>
  <is_temp>False</is_temp>
  <is_readonly>True</is_readonly>
  <buildSummary />
</deployment>