﻿<?xml version="1.0" encoding="utf-8"?>
<deployment>
  <id>5d675415-8188-49e6-8160-85b19c3bc800</id>
  <author>N/A</author>
  <deployer>OneDeploy</deployer>
  <authorEmail>N/A</authorEmail>
  <message>OneDeploy</message>
  <progress></progress>
  <status>Success</status>
  <statusText></statusText>
  <lastSuccessEndTime>2025-11-30T18:20:26.7994721Z</lastSuccessEndTime>
  <receivedTime>2025-11-30T18:18:45.8654689Z</receivedTime>
  <startTime>2025-11-30T18:18:47.2832877Z</startTime>
  <endTime>2025-11-30T18:20:26.7994721Z</endTime>
  <complete>True</complete>
  <is_temp>False</is_temp>
  <is_readonly>True</is_readonly>
  <buildSummary />
</deployment>