<step title="BackgroundTrace" date="2025-11-21T15:45:22.514" instance="235e96" url="/api/publish" method="POST" >
  <step title="Creating temporary deployment - FetchDeploymentManager" date="2025-11-21T15:45:22.565" /><!-- duration: 2ms -->
  <step title="Creating temporary deployment" date="2025-11-21T15:45:22.570" /><!-- duration: 148ms -->
  <step title="Performing fetch based deployment" date="2025-11-21T15:45:22.736" >
    <step title="Cleaning up temp folders from previous zip deployments and extracting pushed zip file /tmp/zipdeploy/80a74337-9e25-469b-9938-825586287492.zip (0.89 MB) to /tmp/zipdeploy/extracted" date="2025-11-21T15:45:23.892" >
      <step title="ChmodRecursive Process exited with total time taken in ms: 12" date="2025-11-21T15:45:23.941" /><!-- duration: 5ms -->
    </step><!-- duration: 56ms -->
    <step title="Deployment timer started" date="2025-11-21T15:45:25.954" >
      <step title="DeploymentManager.Deploy(id:2f2287a3-543e-4d6d-a3a4-521cd389f2f8)" date="2025-11-21T15:45:25.962" >
        <step title="Collecting changeset information" date="2025-11-21T15:45:25.972" /><!-- duration: 105ms -->
        <step title="Updating submodules" date="2025-11-21T15:45:26.081" /><!-- duration: 1176ms -->
        <step title="Determining deployment builder" date="2025-11-21T15:45:27.596" >
          <step title="Builder is OryxBuilder" date="2025-11-21T15:45:27.618" /><!-- duration: 15ms -->
        </step><!-- duration: 38ms -->
        <step title="PreDeployment: context.CleanOutputPath False" date="2025-11-21T15:45:28.208" >
          <step title="PreDeployment: context.OutputPath /home/site/wwwroot" date="2025-11-21T15:45:28.365" >
            <step title="Building" date="2025-11-21T15:45:28.543" >
              <step title="Executing external process" date="2025-11-21T15:45:28.921" type="process" path="bash" arguments="-c &quot;oryx build /tmp/zipdeploy/extracted -o /home/site/wwwroot --platform python --platform-version 3.11 -p virtualenv_name=antenv --log-file /tmp/build-debug.log  -i /tmp/8de2914fe56c620 --compress-destination-dir | tee /tmp/oryx-build.log ; exit $PIPESTATUS &quot;" /><!-- duration: 24024ms -->
              <step title="Using PythonDeploymentLogParser" date="2025-11-21T15:45:53.341" /><!-- duration: 5ms -->
              <step title="Modified file to trigger a restart of the app container." date="2025-11-21T15:45:54.779" /><!-- duration: 5ms -->
              <step title="Skip function trigger and logicapp sync because function is not enabled." date="2025-11-21T15:45:54.787" /><!-- duration: 3ms -->
            </step><!-- duration: 27595ms -->
          </step><!-- duration: 27778ms -->
          <step title="Cleaning up temp files" date="2025-11-21T15:45:56.145" /><!-- duration: 1702ms -->
          <step title="Cleaning up temp files" date="2025-11-21T15:45:57.850" /><!-- duration: 504ms -->
          <step title="Reloading status file with latest updates" date="2025-11-21T15:45:58.381" >
            <step title="WebHooksManager.PublishEventAsync: PostDeployment" date="2025-11-21T15:45:58.383" /><!-- duration: 28ms -->
          </step><!-- duration: 33ms -->
          <step title="Cleaning up temporary deployment - fetch deployment was successful" date="2025-11-21T15:45:58.418" /><!-- duration: 2ms -->
        </step><!-- duration: 30375ms -->
      </step><!-- duration: 32632ms -->
