<step title="BackgroundTrace" date="2025-11-21T15:00:36.775" instance="235e96" url="/api/zipdeploy" method="POST" >
  <step title="Creating temporary deployment - FetchDeploymentManager" date="2025-11-21T15:00:36.823" /><!-- duration: 2ms -->
  <step title="Creating temporary deployment" date="2025-11-21T15:00:36.828" /><!-- duration: 90ms -->
  <step title="Performing fetch based deployment" date="2025-11-21T15:00:36.936" >
    <step title="Cleaning up temp folders from previous zip deployments and extracting pushed zip file /tmp/zipdeploy/d607bdb2-3a95-44e6-8e1f-2fea57e78b27.zip (0.23 MB) to /tmp/zipdeploy/extracted" date="2025-11-21T15:00:38.096" >
      <step title="ChmodRecursive Process exited with total time taken in ms: 15" date="2025-11-21T15:00:38.147" /><!-- duration: 4ms -->
    </step><!-- duration: 59ms -->
    <step title="Deployment timer started" date="2025-11-21T15:00:40.162" >
      <step title="DeploymentManager.Deploy(id:258d0682-6c13-4571-9ae5-852708c94286)" date="2025-11-21T15:00:40.167" >
        <step title="Collecting changeset information" date="2025-11-21T15:00:40.177" /><!-- duration: 105ms -->
        <step title="Updating submodules" date="2025-11-21T15:00:40.286" /><!-- duration: 1168ms -->
        <step title="Determining deployment builder" date="2025-11-21T15:00:41.715" >
          <step title="Builder is OryxBuilder" date="2025-11-21T15:00:41.722" /><!-- duration: 3ms -->
        </step><!-- duration: 12ms -->
        <step title="PreDeployment: context.CleanOutputPath False" date="2025-11-21T15:00:41.795" >
          <step title="PreDeployment: context.OutputPath /home/site/wwwroot" date="2025-11-21T15:00:41.947" >
            <step title="Building" date="2025-11-21T15:00:42.117" >
              <step title="Executing external process" date="2025-11-21T15:00:42.494" type="process" path="bash" arguments="-c &quot;oryx build /tmp/zipdeploy/extracted -o /home/site/wwwroot --platform python --platform-version 3.11 -p virtualenv_name=antenv --log-file /tmp/build-debug.log  -i /tmp/8de290ebd6a405f --compress-destination-dir | tee /tmp/oryx-build.log ; exit $PIPESTATUS &quot;" /><!-- duration: 24456ms -->
              <step title="Using PythonDeploymentLogParser" date="2025-11-21T15:01:07.342" /><!-- duration: 5ms -->
              <step title="Triggering recycle (preview mode disabled)." date="2025-11-21T15:01:08.845" /><!-- duration: 2ms -->
              <step title="Modified file to trigger a restart of the app container." date="2025-11-21T15:01:08.877" /><!-- duration: 3ms -->
              <step title="Skip function trigger and logicapp sync because function is not enabled." date="2025-11-21T15:01:08.883" /><!-- duration: 2ms -->
            </step><!-- duration: 27852ms -->
          </step><!-- duration: 28028ms -->
          <step title="Cleaning up temp files" date="2025-11-21T15:01:09.977" /><!-- duration: 1705ms -->
          <step title="Cleaning up temp files" date="2025-11-21T15:01:11.689" /><!-- duration: 504ms -->
          <step title="Reloading status file with latest updates" date="2025-11-21T15:01:12.219" >
            <step title="WebHooksManager.PublishEventAsync: PostDeployment" date="2025-11-21T15:01:12.222" /><!-- duration: 33ms -->
          </step><!-- duration: 38ms -->
          <step title="Cleaning up temporary deployment - fetch deployment was successful" date="2025-11-21T15:01:12.261" /><!-- duration: 2ms -->
        </step><!-- duration: 30541ms -->
      </step><!-- duration: 32180ms -->
