<step title="Incoming Request" date="2025-11-21T15:38:22.834" instance="235e96" url="/api/zipdeploy?isAsync=true" method="POST" type="request" pid="767,1,42" Accept="*/*" Host="streaky-b6c2e5axf9huc8de.scm.westeurope-01.azurewebsites.net" User-Agent="AZURECLI/2.80.0 (HOMEBREW)" Accept-Encoding="gzip, deflate" Authorization="Bea..." Cache-Control="no-cache" Content-Type="application/octet-stream" Content-Length="698462" x-ms-client-request-id="1a8ed8e8-c6f0-11f0-8228-1a5230beec7f" x-ms-artifact-checksum="234d71d5a6fcd3aac6a71c5aff23b5ce4f1a996ffa038a06d5bf4a476991c527" X-ARR-LOG-ID="1a8ed8e8-c6f0-11f0-8228-1a5230beec7f" CLIENT-IP="165.85.220.35:28805" X-SITE-DEPLOYMENT-ID="Streaky" WAS-DEFAULT-HOSTNAME="streaky-b6c2e5axf9huc8de.scm.westeurope-01.azurewebsites.net" X-Forwarded-Proto="https" X-AppService-Proto="https" X-Forwarded-TlsVersion="1.3" X-WAWS-Unencoded-URL="/api/zipdeploy?isAsync=true" X-Client-IP="165.85.220.35" X-Client-Port="28805" >
  <step title="Cleanup Xml Logs" date="2025-11-21T15:38:22.837" /><!-- duration: 4ms -->
  <step title="ZipPushDeploy" date="2025-11-21T15:38:22.851" >
    <step title="ZipDeploy. Extract zip. Remote build." date="2025-11-21T15:38:22.856" /><!-- duration: 2ms -->
    <step title="Starting PushDeployAsync" date="2025-11-21T15:38:22.862" /><!-- duration: 4ms -->
    <step title="Writing artifact to /tmp/zipdeploy/99a86633-7a7b-4c0a-9f73-5db9609ea847.zip" date="2025-11-21T15:38:22.875" >
      <step title="Writing multipart request body to /tmp/zipdeploy/99a86633-7a7b-4c0a-9f73-5db9609ea847.zip" date="2025-11-21T15:38:22.878" /><!-- duration: 5ms -->
    </step><!-- duration: 18ms -->
    <step title="Removing previous build artifact&apos;s manifest file" date="2025-11-21T15:38:22.898" >
      <step title="Start deployment in the background" date="2025-11-21T15:38:22.904" >
        <step title="Acquiring Deployment Lock" date="2025-11-21T15:38:22.913" /><!-- duration: 2ms -->
        <step title="Acquired Deployment Lock" date="2025-11-21T15:38:22.966" /><!-- duration: 2ms -->
      </step><!-- duration: 130ms -->
    </step><!-- duration: 140ms -->
    <step title="Outgoing response" date="2025-11-21T15:38:23.041" type="response" statusCode="202" statusText="Accepted" /><!-- duration: 3ms -->
  </step><!-- duration: 210ms -->
