<step title="BackgroundTrace" date="2025-11-21T14:16:44.371" instance="235e96" url="/api/zipdeploy" method="POST" >
  <step title="Creating temporary deployment - FetchDeploymentManager" date="2025-11-21T14:16:44.465" /><!-- duration: 2ms -->
  <step title="Creating temporary deployment" date="2025-11-21T14:16:44.471" /><!-- duration: 100ms -->
  <step title="Performing fetch based deployment" date="2025-11-21T14:16:44.609" >
    <step title="Cleaning up temp folders from previous zip deployments and extracting pushed zip file /tmp/zipdeploy/66a69d03-7c0c-4ea1-ba7b-a3c0646f2f08.zip (0.22 MB) to /tmp/zipdeploy/extracted" date="2025-11-21T14:16:45.844" >
      <step title="ChmodRecursive Process exited with total time taken in ms: 17" date="2025-11-21T14:16:45.902" /><!-- duration: 4ms -->
    </step><!-- duration: 65ms -->
    <step title="Deployment timer started" date="2025-11-21T14:16:47.919" >
      <step title="DeploymentManager.Deploy(id:10d5fe9e-598d-4342-a1e1-b789c9a9eedc)" date="2025-11-21T14:16:47.923" >
        <step title="Collecting changeset information" date="2025-11-21T14:16:47.938" /><!-- duration: 112ms -->
        <step title="Updating submodules" date="2025-11-21T14:16:48.056" /><!-- duration: 1147ms -->
        <step title="Determining deployment builder" date="2025-11-21T14:16:49.457" >
          <step title="Builder is OryxBuilder" date="2025-11-21T14:16:49.463" /><!-- duration: 3ms -->
        </step><!-- duration: 16ms -->
        <step title="PreDeployment: context.CleanOutputPath False" date="2025-11-21T14:16:49.519" >
          <step title="PreDeployment: context.OutputPath /home/site/wwwroot" date="2025-11-21T14:16:49.651" >
            <step title="Building" date="2025-11-21T14:16:49.906" >
              <step title="Executing external process" date="2025-11-21T14:16:50.306" type="process" path="bash" arguments="-c &quot;oryx build /tmp/zipdeploy/extracted -o /home/site/wwwroot --platform python --platform-version 3.11 -p virtualenv_name=antenv --log-file /tmp/build-debug.log  -i /tmp/8de29089c77c7e3 --compress-destination-dir | tee /tmp/oryx-build.log ; exit $PIPESTATUS &quot;" /><!-- duration: 47670ms -->
              <step title="Using PythonDeploymentLogParser" date="2025-11-21T14:17:38.477" /><!-- duration: 7ms -->
              <step title="Triggering recycle (preview mode disabled)." date="2025-11-21T14:17:40.221" /><!-- duration: 6ms -->
              <step title="Modified file to trigger a restart of the app container." date="2025-11-21T14:17:40.298" /><!-- duration: 3ms -->
              <step title="Skip function trigger and logicapp sync because function is not enabled." date="2025-11-21T14:17:40.304" /><!-- duration: 3ms -->
            </step><!-- duration: 51249ms -->
          </step><!-- duration: 51508ms -->
          <step title="Cleaning up temp files" date="2025-11-21T14:17:41.162" /><!-- duration: 1729ms -->
          <step title="Cleaning up temp files" date="2025-11-21T14:17:42.894" /><!-- duration: 504ms -->
          <step title="Reloading status file with latest updates" date="2025-11-21T14:17:43.437" >
            <step title="WebHooksManager.PublishEventAsync: PostDeployment" date="2025-11-21T14:17:43.441" /><!-- duration: 66ms -->
          </step><!-- duration: 73ms -->
          <step title="Cleaning up temporary deployment - fetch deployment was successful" date="2025-11-21T14:17:43.514" /><!-- duration: 2ms -->
        </step><!-- duration: 54075ms -->
      </step><!-- duration: 55685ms -->
