﻿<?xml version="1.0" encoding="utf-8"?>
<deployment>
  <id>0586c67c-0e30-4ecc-8b55-d185e56d3186</id>
  <author>N/A</author>
  <deployer>Push-Deployer</deployer>
  <authorEmail>N/A</authorEmail>
  <message>Created via a push deployment</message>
  <progress></progress>
  <status>Success</status>
  <statusText></statusText>
  <lastSuccessEndTime>2025-11-21T15:19:59.3643894Z</lastSuccessEndTime>
  <receivedTime>2025-11-21T15:19:20.839627Z</receivedTime>
  <startTime>2025-11-21T15:19:22.9434887Z</startTime>
  <endTime>2025-11-21T15:19:59.3643894Z</endTime>
  <complete>True</complete>
  <is_temp>False</is_temp>
  <is_readonly>True</is_readonly>
  <buildSummary />
</deployment>