﻿<?xml version="1.0" encoding="utf-8"?>
<deployment>
  <id>6669641e-1ad7-4568-b8ff-97b50c34adf0</id>
  <author>N/A</author>
  <deployer>Push-Deployer</deployer>
  <authorEmail>N/A</authorEmail>
  <message>Created via a push deployment</message>
  <progress></progress>
  <status>Success</status>
  <statusText></statusText>
  <lastSuccessEndTime>2025-11-21T15:42:28.5757223Z</lastSuccessEndTime>
  <receivedTime>2025-11-21T15:41:39.1017204Z</receivedTime>
  <startTime>2025-11-21T15:41:40.5363574Z</startTime>
  <endTime>2025-11-21T15:42:28.5757223Z</endTime>
  <complete>True</complete>
  <is_temp>False</is_temp>
  <is_readonly>True</is_readonly>
  <buildSummary />
</deployment>