﻿<?xml version="1.0" encoding="utf-8"?>
<deployment>
  <id>c3218684-1c03-433a-9214-4c5cbde0e756</id>
  <author>N/A</author>
  <deployer>OneDeploy</deployer>
  <authorEmail>N/A</authorEmail>
  <message>OneDeploy</message>
  <progress></progress>
  <status>Success</status>
  <statusText></statusText>
  <lastSuccessEndTime>2025-11-30T08:59:40.6665162Z</lastSuccessEndTime>
  <receivedTime>2025-11-30T08:56:53.9637185Z</receivedTime>
  <startTime>2025-11-30T08:56:55.2297836Z</startTime>
  <endTime>2025-11-30T08:59:40.6665162Z</endTime>
  <complete>True</complete>
  <is_temp>False</is_temp>
  <is_readonly>True</is_readonly>
  <buildSummary />
</deployment>